country_name,code,2006,2007,2008,2009,2010,2011,2012,2013,2014,2015,2016,2017,2018,2019,2020,2021,2022,2023,2024
Aruba,ABW,99405,100150,100917,101604,101838,102591,104110,105675,106807,107906,108727,108735,108908,109203,108587,107700,107310,107359,107624
Africa Eastern and Southern,AFE,475606210,488580707,502070763,516003448,530308387,544737983,559609961,575202699,590968990,607123269,623369401,640058741,657801085,675950189,694446100,713090928,731821393,750503764,769294618
Afghanistan,AFG,25424094,25909852,26482622,27466101,28284089,29347708,30560034,31622704,32792523,33831764,34700612,35688935,36743039,37856121,39068979,40000412,40578842,41454761,42647492
Africa Western and Central,AFW,325663158,334984176,344586109,354343844,364358270,374790143,385360349,396030207,406992047,418127845,429454743,440882906,452195915,463365429,474569351,485920997,497387180,509398589,521764076
Angola,AGO,20015279,20778561,21578655,22414773,23294825,24218352,25177394,26165620,27160769,28157798,29183070,30234839,31297155,32375632,33451132,34532429,35635029,36749906,37885849
Albania,ALB,2992547,2970017,2947314,2927519,2913021,2905195,2900401,2895092,2889104,2880703,2876101,2873457,2866376,2854191,2837849,2811666,2777689,2745972,2714617
Andorra,AND,79585,81877,83495,83888,80706,77783,76834,75194,73737,72174,72181,73763,75162,76474,77380,78364,79705,80856,81938
Arab World,ARB,330526310,338947976,347684619,356386673,363568534,372054934,381030177,390954281,400231008,410190679,419808341,428315886,435998060,444281315,453723239,460646603,471352066,482105978,492579811
United Arab Emirates,ARE,5009100,5624635,6302664,6707058,6869838,7104538,7391448,7693031,8059440,8505237,8935095,9223225,9346701,9445785,9401038,9575152,10074977,10483751,10876981
Argentina,ARG,39622115,40016763,40424148,40854831,41288694,41730660,42161721,42582455,43024071,43477012,43900313,44288894,44654882,44973465,45191965,45312281,45407904,45538401,45696159
Armenia,ARM,3127100,3107400,3087100,3066000,3044800,3027900,3024100,3022000,3013800,3004600,2992300,2979400,2969000,2962500,2961500,2962300,2969200,2964300,3033500
American Samoa,ASM,56374,56113,55828,55528,55228,54895,54489,54006,53466,52878,52245,51586,50908,50209,49761,49225,48342,47521,46765
Antigua and Barbuda,ATG,80604,81704,82912,84173,85320,86332,87260,88064,88765,89409,89969,90468,90926,91364,91846,92349,92840,93316,93772
Australia,AUS,20450966,20827622,21249199,21691653,22031750,22340024,22733465,23128129,23475686,23815995,24190907,24592588,24963258,25334826,25649248,25685412,26014399,26652777,27204809
Austria,AUT,8268641,8295487,8321496,8343323,8363404,8391643,8429991,8479823,8546356,8642699,8736668,8797566,8840521,8879920,8916864,8955797,9041851,9131761,9178482
Azerbaijan,AZE,8484550,8581300,8763400,8947243,9054332,9173082,9295784,9416801,9535079,9649341,9757812,9854033,9939771,10024283,10093121,10137750,10141756,10153958,10202850
Burundi,BDI,7865547,8161874,8505637,8947646,9376444,9717978,10071028,10439341,10799785,11047580,11239451,11506762,11859446,12255336,12617036,12965481,13321097,13689450,14047786
Belgium,BEL,10547958,10625700,10709973,10796493,10895586,11038264,11106932,11159407,11209057,11274196,11331422,11375158,11427054,11488980,11538604,11586195,11680210,11787423,11876844
Benin,BEN,8693242,8953969,9228466,9509423,9797484,10093623,10397657,10708834,11030004,11360681,11697842,12039780,12383347,12726755,13070169,13413417,13759501,14111034,14462724
Burkina Faso,BFA,14373707,14816307,15258093,15710066,16176498,16661908,17172287,17695409,18229461,18777487,19334856,19894407,20438288,20961952,21478690,21995243,22509038,23025776,23548781
Bangladesh,BGD,146405973,147989278,149474264,150873714,152201981,153591076,155070101,156532141,157964929,159383179,160811932,162186147,163523103,164913055,166298024,167658854,169384897,171466990,173562364
Bulgaria,BGR,7601022,7545338,7492561,7444443,7395599,7348328,7305888,7160005,7073572,6984225,6894139,6803468,6710798,6616726,6550696,6507301,6465097,6446596,6444366
Bahrain,BHR,960424,1039295,1103496,1178415,1228543,1195020,1208964,1253191,1314562,1370322,1423726,1501116,1503091,1483756,1472204,1504365,1524693,1577059,1588670
"Bahamas, The",BHS,348375,353334,358120,362810,367478,371729,375469,378953,382298,385346,388055,390485,392717,394675,395863,396373,397538,399440,401283
Bosnia and Herzegovina,BIH,4063272,4013424,3947544,3879794,3811472,3741798,3670113,3610859,3564829,3518541,3473003,3428682,3387000,3345533,3299349,3244907,3204802,3185073,3164253
Belarus,BLR,9604924,9560953,9527985,9504583,9483836,9461643,9446836,9443211,9448515,9461076,9469379,9458989,9438785,9419758,9379952,9302585,9228071,9178298,9133712
Belize,BLZ,287878,296100,304361,312614,320245,327298,334414,341627,348923,356333,364705,373202,380226,385829,390812,395346,402733,411106,417072
Bermuda,BMU,62834,63010,63300,63565,63725,63733,63646,63574,63529,63464,63449,63578,63831,64107,64382,64648,64749,64698,64636
Bolivia,BOL,9521689,9685960,9850858,10016275,10182345,10348929,10515807,10682608,10848888,11014705,11180020,11344587,11508368,11671386,11816299,11937360,12077154,12244159,12413315
Brazil,BRA,186653106,188552320,190367302,192079951,193701929,195284734,196876111,198478299,200085127,201675532,203218114,204703445,206107261,207455459,208660842,209550294,210306415,211140729,211998573
Barbados,BRB,270002,271288,272714,274123,275243,276139,276938,277665,278348,278990,279598,280171,280711,281207,281698,282147,282318,282336,282467
Brunei Darussalam,BRN,364663,370873,377793,384952,392332,399389,405557,411202,416750,422212,427564,432772,437810,442680,447404,451721,455370,458949,462721
Bhutan,BTN,670799,678641,686351,693988,701632,709377,717279,725273,733139,740618,747866,754335,759759,764824,770006,775442,780914,786385,791524
Botswana,BWA,1874516,1911201,1949970,1990673,2033111,2073535,2108617,2140682,2172044,2203273,2234776,2266747,2299141,2332083,2365894,2401441,2439892,2480244,2521139
Central African Republic,CAF,4377579,4462770,4558984,4529047,4492995,4565021,4610848,4642419,4623182,4629320,4713663,4793511,4878657,4944703,5026628,5112100,5098039,5152421,5330690
Canada,CAN,32571193,32888886,33247298,33630069,34005902,34339221,34713395,35080992,35434066,35704498,36110803,36545075,37072620,37618495,38028638,38239864,38935934,40083484,41288599
Central Europe and the Baltics,CEB,105772481,105378748,105001883,104800475,104421447,104174038,103929494,103570062,103280478,102973167,102647939,102337501,102074201,101864274,101215763,100205732,100071871,100175859,100050066
Switzerland,CHE,7483934,7551117,7647675,7743831,7824909,7912398,7996861,8089346,8188649,8282396,8373338,8451840,8514329,8575280,8638167,8704546,8777088,8888093,9034102
Channel Islands,CHI,154214,155309,156408,157511,158621,159706,160767,161777,162726,163454,163883,164319,164949,165639,166235,166741,167215,167691,168126
Chile,CHL,16509195,16671581,16838988,17009731,17181464,17351816,17519119,17687006,17864195,18047625,18267221,18558868,18893191,19197744,19370624,19456334,19553036,19658835,19764771
China,CHN,1311020000,1317885000,1324655000,1331260000,1337705000,1345035000,1354190000,1363240000,1371860000,1379860000,1387790000,1396215000,1402760000,1407745000,1411100000,1412360000,1412175000,1410710000,1408975000
Cote d'Ivoire,CIV,20546802,21030558,21514439,21997940,22488065,22982000,23467078,23939775,24527395,25246342,25989405,26733372,27464173,28193009,28915449,29639736,30395002,31165654,31934230
Cameroon,CMR,17550407,18049896,18574056,19113974,19668066,20232304,20809529,21402376,22059893,22763414,23454161,24128601,24806383,25506095,26210558,26915758,27632771,28372687,29123744
"Congo, Dem. Rep.",COD,60615908,62477752,64390664,66412044,68563038,70849311,73254618,75789395,78403242,81035531,83956415,87083398,90047644,92947442,95989998,99148932,102396968,105789731,109276265
"Congo, Rep.",COG,3837409,3980430,4113517,4281219,4462290,4609724,4740450,4857099,4975880,5097581,5222536,5351011,5483118,5616661,5752791,5892183,6035104,6182885,6332961
Colombia,COL,42691084,43235374,43758808,44271541,44777319,45259614,45715810,46151584,46565429,46969940,47437512,48131078,49024465,49907985,50629997,51188173,51737944,52321152,52886363
Comoros,COM,604753,616927,629307,641947,654836,668056,681630,696192,711503,726682,741741,756669,771590,786578,802163,818174,834188,850387,866628
Cabo Verde,CPV,490728,496190,501355,506141,509784,511447,511955,512225,512326,512394,512554,512893,513415,514104,514679,516649,519741,522331,524877
Costa Rica,CRI,4321340,4380248,4440056,4499791,4555962,4609833,4663934,4716147,4767119,4818038,4866998,4913177,4957818,4999553,5034320,5059988,5081765,5105525,5129910
Caribbean small states,CSS,4072929,4098855,4124966,4146899,4173335,4201107,4228445,4257682,4286546,4314191,4341333,4366140,4407658,4443134,4459302,4479167,4497310,4519904,4539060
Cuba,CUB,11278550,11287272,11291762,11294719,11297409,11301571,11303175,11298167,11285775,11275065,11265612,11247829,11227118,11202846,11176354,11122168,11059820,11019931,10979783
Curacao,CUW,141239,144056,145880,146833,148703,150831,152088,153822,155909,157980,159664,160175,159336,157441,154947,152369,149996,155800,155900
Cayman Islands,CYM,48232,49687,51151,52618,54099,55606,57136,58655,60160,61642,63100,64535,65941,67327,68684,70108,71591,73038,74457
Cyprus,CYP,1054418,1072714,1091026,1109371,1127816,1146493,1165397,1183895,1201801,1219502,1237112,1254275,1270737,1286671,1302247,1317309,1331370,1344976,1358282
Czechia,CZE,10238905,10298828,10384603,10443936,10474410,10496088,10510785,10514272,10525347,10546059,10566332,10594438,10629928,10671870,10697858,10505772,10672118,10864042,10882164
Germany,DEU,82376451,82266372,82110097,81902307,81776930,80274983,80425823,80645605,80982500,81686611,82348669,82657002,82905782,83092962,83160871,83196078,83797985,83901923,83510950
Djibouti,DJI,855764,874528,892734,911527,930251,948558,966747,984824,1002717,1020313,1037653,1054841,1071882,1088709,1105188,1121248,1137096,1152944,1168722
Dominica,DMA,68806,68847,68854,68864,68859,69053,69118,69715,70373,70410,69606,68496,68174,67880,67573,67202,66826,66510,66205
Denmark,DNK,5437272,5461438,5493621,5523095,5547683,5570572,5591572,5614932,5643475,5683483,5728010,5764980,5793636,5814422,5831404,5856733,5903037,5946952,5976992
Dominican Republic,DOM,9341183,9455658,9573130,9695265,9820175,9945621,10070411,10193833,10315528,10434829,10551430,10666843,10782053,10894043,11008300,11123476,11230734,11331265,11427557
Algeria,DZA,33623506,34189416,34816961,35490445,36188236,36903376,37646166,38414171,39205031,40019529,40850721,41689299,42505035,43294546,44042091,44761099,45477389,46164219,46814308
East Asia & Pacific (excluding high income),EAP,1914002124,1929185103,1944305887,1959017463,1973602166,1989106668,2006566431,2023850158,2040383789,2056050896,2071486140,2087238522,2100698838,2112289891,2121866294,2128553744,2133560408,2137527754,2141122258
Early-demographic dividend,EAR,2784726644,2830531957,2875943965,2921563644,2967104472,3013476947,3058869436,3103677284,3146800078,3190318707,3233033717,3274060446,3314245247,3355014793,3396051187,3432026092,3470644834,3511607650,3552278604
East Asia & Pacific,EAS,2150688938,2167046538,2183472438,2199148703,2214613815,2230826576,2249081393,2267072102,2284385542,2300844269,2317076058,2333475520,2347576325,2359771090,2369438682,2375144416,2379648196,2384479340,2388378491
Europe & Central Asia (excluding high income),ECA,224417513,225016072,226524480,228250911,230106440,231988438,233914892,235983340,238114658,240232789,242410814,244533821,246659127,248863066,250660609,252189631,250840400,249053262,250485944
Europe & Central Asia,ECS,878166933,880656346,884224673,887741128,890990371,893009595,896554203,899985362,903676408,907676898,911765648,915290996,918947897,922218554,923973838,924702975,925061269,925640799,928465742
Ecuador,ECU,14086131,14328773,14575202,14825954,15076695,15326227,15572194,15807128,16035124,16266225,16505139,16759519,17049547,17340021,17546065,17682454,17823897,17980083,18135478
"Egypt, Arab Rep.",EGY,82700403,84276225,85864789,87501636,89196072,91093059,93161001,95333553,97528654,99597342,101644589,103696057,105682094,107553158,109315124,110957008,112618250,114535772,116538258
Euro area,EMU,335499702,337282985,338978475,340136844,341002804,340367367,341100659,341639530,342228563,343180482,344132977,344810179,345864630,346496601,346986142,347207191,348700885,350292725,351125804
Eritrea,ERI,2703502,2743222,2816327,2887885,2945186,2998485,3036988,3074360,3095173,3105546,3124698,3150347,3192760,3240194,3291271,3350183,3409447,3470390,3535603
Spain,ESP,44397319,45226803,45954106,46362946,46576897,46742697,46773055,46604197,46460733,46422303,46458139,46571232,46782011,47118501,47359424,47443821,47786102,48347910,48807137
Estonia,EST,1346810,1340680,1337090,1334515,1331475,1327439,1322696,1317997,1314545,1315407,1315790,1317384,1321977,1326898,1329522,1330932,1348840,1370286,1371986
Ethiopia,ETH,80703490,83103217,85543668,88007636,90538514,93149970,95798767,98438751,101115610,103867135,106718162,109666481,112664152,115737383,118917671,122138588,125384287,128691692,132059767
European Union,EUU,437263803,438796003,440270719,441388573,442088310,441414078,442069839,442425741,442920819,443793218,444676652,445321060,446329890,446910453,446870959,446227358,447703403,449425965,450185396
Fragile and conflict affected situations,FCS,717975893,735110300,753058095,772015937,791371804,810972272,831065598,851404936,871345375,890869511,910836458,931222867,951851595,973035228,994901090,1016906998,1036390026,1057033168,1081767572
Finland,FIN,5266268,5288720,5313399,5338871,5363352,5388272,5413971,5438972,5461512,5479531,5495303,5508214,5515525,5521606,5529543,5541017,5556106,5583911,5637214
Fiji,FJI,890365,897832,903399,907239,910419,912989,914918,916352,917585,918578,919166,918759,917180,914899,914963,916711,919422,924145,928784
France,FRA,63622342,64016890,64375116,64706436,65026211,65340830,65657659,65997932,66312067,66548272,66724104,66918020,67158348,67382061,67601110,67842811,68065015,68287487,68516699
Faroe Islands,FRO,48335,48378,48547,48791,48657,48543,48291,48246,48428,48901,49464,50180,50996,51793,52567,53305,53927,54439,54719
"Micronesia, Fed. Sts.",FSM,110729,109880,108936,107957,107540,107698,107890,108121,108396,108716,109075,109481,109909,110282,110916,111624,112114,112630,113160
Gabon,GAB,1508337,1556237,1607175,1661556,1719879,1781985,1846889,1913059,1978399,2040989,2100306,2156900,2212318,2267706,2322539,2376722,2430747,2484789,2538952
United Kingdom,GBR,60846820,61322463,61806995,62276270,62766365,63258810,63711000,64139000,64620000,65088000,65607000,65966000,66289000,66631000,66744000,66984000,67604000,68492000,69226000
Georgia,GEO,3880347,3860158,3848449,3814419,3786695,3756441,3728874,3717668,3719414,3725276,3727505,3728004,3726549,3720161,3722716,3708610,3712502,3715483,3673850
Ghana,GHA,23040702,23642279,24249946,24862664,25474995,26095088,26734268,27386193,28041592,28696068,29356742,30008354,30637585,31258945,31887809,32518665,33149152,33787914,34427414
Gibraltar,GIB,29594,30006,30413,30823,31248,31660,32029,32407,32813,33193,33658,34245,34854,35494,36173,36858,37609,38471,39329
Guinea,GIN,9441171,9662281,9898870,10143534,10396086,10656810,10921581,11191873,11472924,11767070,12073030,12385659,12704774,13034346,13371183,13710513,14055137,14405468,14754785
"Gambia, The",GMB,1715275,1765774,1817852,1871422,1926630,1983784,2043094,2103820,2164528,2224529,2283769,2342189,2399632,2456844,2515733,2576010,2636470,2697845,2759988
Guinea-Bissau,GNB,1415303,1450986,1488054,1526377,1566347,1608076,1651417,1695973,1741122,1786457,1831893,1877072,1922168,1967696,2013255,2058841,2105529,2153339,2201352
Equatorial Guinea,GNQ,990343,1036044,1084530,1135673,1189085,1241835,1293483,1346218,1399828,1453923,1508186,1562396,1616422,1670177,1716468,1758786,1803545,1847549,1892516
Greece,GRC,11020362,11048473,11077841,11107017,11121341,11104899,11045011,10965211,10892413,10820883,10775971,10754679,10732882,10721582,10698599,10569207,10436882,10405588,10388805
Grenada,GRD,110135,110522,110896,111254,111586,112079,112775,113487,114132,114676,115130,115438,115691,115981,116341,116688,116913,117081,117207
Greenland,GRL,56775,56555,56328,56323,56534,56890,56810,56483,56295,56114,56186,56172,56023,56225,56367,56653,56661,56865,56836
Guatemala,GTM,13367459,13652040,13935174,14215611,14500112,14792126,15089647,15387337,15681725,15971743,16268760,16567357,16845685,17103803,17357325,17598650,17847877,18124838,18406359
Guam,GUM,164839,165267,165693,166173,166522,166543,166331,165966,165486,164905,164233,163490,162679,161808,162158,163730,165180,166506,167777
Guyana,GUY,758966,756861,754606,752094,749256,746153,746288,750021,754229,758781,763548,768479,791556,807665,807481,815482,821637,826353,831087
High income,HIC,1296891494,1305578110,1314671040,1322754052,1328657754,1334557663,1342428400,1350149879,1357496263,1366013616,1374284415,1380319892,1385103279,1389779202,1393490142,1391839631,1398530204,1408764584,1417871275
"Hong Kong SAR, China",HKG,6857100,6916300,6957800,6972800,7024200,7071600,7150100,7178900,7229500,7291300,7336600,7393200,7452600,7507900,7481000,7413100,7346100,7536100,7524100
Honduras,HND,7656832,7834798,8012587,8189899,8365878,8540583,8715076,8889278,9063122,9237305,9412380,9588137,9765210,9943633,10119640,10289877,10463872,10644851,10825703
Heavily indebted poor countries (HIPC),HPC,571454590,587432384,604007702,621337653,638796398,656783491,675397557,694622934,714769441,735429414,756895035,779389964,802020674,824649053,847743308,870930036,893906294,917304254,941413026
Croatia,HRV,4311159,4310217,4309705,4305181,4295427,4280622,4260368,4233922,4201598,4151725,4106867,4041407,3988775,3949390,3914206,3878981,3855641,3859686,3866300
Haiti,HTI,9216562,9373296,9530774,9689581,9803294,9914904,10069771,10222362,10373235,10523242,10671457,10817754,10962362,11105163,11243848,11374586,11503606,11637398,11772557
Hungary,HUN,10071370,10055780,10038188,10022650,10000023,9971727,9920362,9872734,9833038,9797755,9759755,9726756,9706964,9694824,9670419,9630932,9605074,9592186,9562314
IBRD only,IBD,4258827055,4302067550,4346234014,4391389527,4436714947,4483152627,4532140278,4582036746,4630723215,4676922961,4721753602,4765998583,4807240463,4845361414,4878606096,4905534420,4928522353,4952554878,4979720059
IDA & IBRD total,IBT,5568236362,5643505923,5720065907,5797994405,5876645582,5956718993,6038998236,6120535080,6201723115,6281111240,6360340293,6440236993,6518316997,6594502842,6666779721,6732972939,6795050443,6858864199,6926456321
IDA total,IDA,1309409307,1341438373,1373831893,1406604878,1439930635,1473566366,1506857958,1538498334,1570999900,1604188279,1638586691,1674238410,1711076534,1749141428,1788173625,1827438519,1866528090,1906309321,1946736262
IDA blend,IDB,458394453,470476526,482975881,495610570,508422508,520984443,532980174,544442648,555868551,567234056,578463670,590024074,601951913,614017319,626440308,639196319,651895919,664395892,676957651
Indonesia,IDN,233951652,237062337,240157903,243220028,246305322,249470032,252698525,255852467,258877399,261799249,264627418,267346658,269951846,272489381,274814866,276758053,278830529,281190067,283487931
IDA only,IDX,851014854,870961847,890856012,910994308,931508127,952581923,973877784,994055686,1015131349,1036954223,1060123021,1084214336,1109124621,1135124109,1161733317,1188242200,1214632171,1241913429,1269778611
Isle of Man,IMN,80294,81147,82029,82939,83873,84382,84335,84141,83892,83593,83466,83609,83805,83957,84064,84106,84132,84165,84160
India,IND,1172878890,1190676021,1207930964,1225524753,1243481564,1261224954,1278674502,1295829511,1312277191,1328024498,1343944296,1359657400,1374659064,1389030312,1402617695,1414203896,1425423212,1438069596,1450935791
Ireland,IRL,4273591,4398942,4489544,4535375,4560155,4580084,4599533,4623816,4657740,4701957,4762722,4827445,4898022,4976456,5039747,5110585,5212836,5307600,5380257
"Iran, Islamic Rep.",IRN,73392747,74602648,75514204,76457825,77420842,78383598,79370580,80414686,81502045,82619362,83812228,85026754,86117998,87051648,87723443,88455488,89524246,90608707,91567738
Iraq,IRQ,28616515,28391607,28971036,30058206,31045366,32161424,33654842,35281989,36550059,37560535,38469627,39337353,40265624,41192171,42116605,43071211,44070551,45074049,46042015
Iceland,ISL,303782,311566,317414,318499,318041,319014,320716,323764,327386,330815,335439,343400,352721,360563,366463,372520,382003,393349,404610
Israel,ISR,7053700,7180100,7308800,7485600,7623600,7765800,7910500,8059500,8215700,8380100,8546000,8713300,8882800,9054000,9215100,9371400,9557500,9849000,9974400
Italy,ITA,58399861,58756247,59211181,59555454,59819407,60026841,60191247,60311613,60320707,60229605,60115223,60002252,60148658,59729081,59438851,59133173,59013667,58993475,58986023
Jamaica,JAM,2700968,2713800,2725635,2736995,2748568,2760494,2772430,2783687,2793749,2802534,2809915,2815764,2820097,2823271,2830739,2837682,2839144,2839786,2839175
Jordan,JOR,6427371,6827227,6989866,7141753,7297043,7480424,7587127,7991809,8791710,9544729,10006367,10234226,10462306,10671891,10865228,11066356,11256263,11439213,11552876
Japan,JPN,127854000,128001000,128063000,128047000,128070000,127833000,127629000,127445000,127276000,127141000,127076000,126972000,126811000,126633000,126261000,125681593,125124989,124516650,123975371
Kazakhstan,KAZ,16103716,16257214,16426525,16619846,16836810,17066002,17306106,17556502,17816285,18084169,18363600,18651931,18932727,19209555,19482117,19743603,20034609,20330104,20592571
Kenya,KEN,36904008,38036349,39206351,40408891,41598567,42758461,43888303,44986791,46051440,47088526,48139687,49197766,50207107,51202827,52217334,53219166,54252461,55339003,56432944
Kyrgyz Republic,KGZ,5218373,5268385,5318729,5389643,5467059,5546587,5652076,5777150,5905848,6040036,6175338,6306696,6444079,6590211,6726596,6851224,6975220,7099750,7224614
Cambodia,KHM,13639028,13841770,14053479,14276810,14500726,14722584,14945085,15170208,15396772,15623251,15852803,16073372,16274522,16481304,16725474,16974305,17201724,17423880,17638801
Kiribati,KIR,100017,102068,104222,106467,108704,110647,112284,113838,115326,116815,118478,120275,122084,123921,126099,128377,130469,132530,134518
St. Kitts and Nevis,KNA,46569,46706,46835,46916,46846,46886,47033,47069,47089,47087,47075,47050,47008,46952,46870,46763,46709,46758,46843
"Korea, Rep.",KOR,48438292,48683638,49054708,49307835,49554112,49936638,50199853,50428893,50746659,51014947,51217803,51361911,51585058,51764822,51836239,51769539,51672569,51712619,51751065
Kuwait,KWT,2364733,2507887,2651421,2795484,2943372,3132814,3337109,3507844,3665876,3834574,4004096,4154812,4323515,4442316,4400267,4360865,4589643,4853420,4973861
Latin America & Caribbean (excluding high income),LAC,499910627,505793340,511659365,517459947,523147480,528822706,534503260,540118712,545661592,551075145,556440282,561957179,567711159,573311679,578091505,581884231,585648822,589889543,594158638
Lao PDR,LAO,5963200,6056236,6148969,6241642,6334194,6426590,6518978,6611385,6703172,6801645,6908802,7018147,7128045,7237636,7346533,7453194,7559007,7664993,7769819
Lebanon,LBN,4751136,4844118,4925354,4992287,5041288,5096020,5235742,5743436,6346990,6472469,6323060,6160128,5984119,5794594,5702398,5718122,5744489,5773493,5805962
Liberia,LBR,3490787,3669050,3821003,3943028,4058890,4221178,4373043,4470239,4564293,4659431,4755608,4848925,4944726,5043721,5149463,5259323,5373294,5493031,5612817
Libya,LBY,5980211,6104380,6235430,6366686,6497839,6343203,6179328,6304628,6427252,6531819,6632126,6738770,6849055,6951033,7045399,7135175,7223805,7305659,7381023
St. Lucia,LCA,166639,167758,168808,169869,170906,171801,172587,173369,174138,174905,175646,176342,177017,177661,178250,178522,178781,179285,179744
Latin America & Caribbean,LCN,561751999,568345245,574908733,581388129,587752505,594086829,600420316,606683307,612849401,618868462,624737786,630414986,635778081,640962372,645497651,649234493,653104795,657617663,662185950
Least developed countries: UN classification,LDC,779230030,797516000,816268129,835687108,855348118,875685078,896684951,918269633,940284138,962508256,985414939,1008993468,1033110314,1058013514,1083636132,1109175268,1134585604,1160824674,1187777591
Low income,LIC,383041001,394448347,405862712,417577386,429515596,441658754,453652889,465087882,476470767,488308267,501149314,514890519,529522043,544980983,560643073,576076618,591481496,607774703,624608098
Liechtenstein,LIE,35037,35262,35473,35742,36022,36312,36657,36984,37248,37494,37716,37962,38246,38563,38901,39182,39493,39850,40197
Sri Lanka,LKA,20352411,20492545,20629378,20756435,20879089,21009048,21169458,20585000,20778000,20970000,21209000,21453000,21670000,21803000,21919000,22156000,22181000,22037000,21916000
Lower middle income,LMC,2378783316,2421545203,2464036877,2506795582,2550264612,2593815085,2637101332,2679816109,2723061855,2765011526,2806590212,2847931114,2888561818,2928617292,2968398856,3006243027,3043358377,3082002881,3120983658
Low & middle income,LMY,5255157355,5328158709,5402245137,5477389130,5553257507,5630227189,5709187884,5787469694,5865317415,5941372154,6017298320,6094196886,6169917356,6243849229,6314223170,6378645843,6438272260,6499219471,6563719861
Lesotho,LSO,1945063,1953268,1966541,1980883,1996251,2014009,2034354,2056504,2080089,2104611,2130422,2157110,2183603,2209405,2235727,2261542,2286110,2311472,2337423
Late-demographic dividend,LTE,2126122277,2139958608,2153941306,2167303374,2179525352,2193171336,2209359324,2225083377,2241237489,2256276122,2271028438,2286095306,2298652685,2309164437,2316461820,2320449542,2324125644,2326636900,2328890789
Lithuania,LTU,3269909,3231294,3198231,3162916,3097282,3028115,2989139,2961250,2937253,2911109,2877325,2842639,2819200,2811089,2810369,2808380,2831639,2871585,2888055
Luxembourg,LUX,472637,479993,488650,497783,506953,518347,530946,543360,556319,569604,582014,596336,607950,620001,630419,640064,653103,666430,677717
Latvia,LVA,2218357,2200325,2177322,2141669,2097555,2059709,2034319,2012647,1993782,1977527,1959537,1942248,1927174,1913822,1900449,1884490,1879383,1877445,1862441
"Macao SAR, China",MAC,498900,520900,540700,535000,537000,549600,567900,591900,621700,642900,652500,648400,658900,672000,685400,682500,677300,678800,687000
St. Martin (French part),MAF,34658,35337,35958,36502,36856,37069,37276,37419,37450,37369,37175,36837,36012,34267,31786,29961,28870,27515,26129
Morocco,MAR,30771178,31186468,31606767,32030778,32467016,32912588,33355241,33787571,34204780,34607588,35023457,35446392,35839760,36210898,36584208,36954442,37329064,37712505,38081173
Monaco,MCO,32057,31837,31836,32364,33163,33946,34711,35447,36128,36757,37276,37678,38154,38109,38050,38527,38931,38956,38631
Moldova,MDA,2880967,2874299,2868833,2865213,2862354,2860699,2860324,2859558,2857815,2835978,2803186,2755189,2707203,2664224,2635130,2595809,2528654,2457783,2389275
Madagascar,MDG,19730909,20318583,20923840,21547280,22183340,22822300,23462438,24109290,24764348,25426702,26099952,26788375,27494926,28219554,28953556,29691083,30437261,31195932,31964956
Maldives,MDV,313851,324479,336170,348275,360792,373674,386818,400070,413617,428154,443308,458287,473099,487731,502118,516154,524106,525994,527799
"Middle East, North Africa, Afghanistan & Pakistan",MEA,569898499,583743828,597799097,612128501,624828664,639053870,653273442,667464006,680716578,694232973,707023525,718887744,730362334,742714463,756405281,767578451,782349366,797801454,813118814
Mexico,MEX,107253666,108774360,110374288,111999721,113623895,115243504,116818208,118343573,119784261,121072306,122251351,123400057,124573711,125762982,126799054,127648148,128613117,129739759,130861007
Marshall Islands,MHL,51992,52035,52030,52019,52044,51907,51419,50681,49796,48800,47709,46529,45285,44007,42706,41367,40077,38827,37548
Middle income,MIC,4872116354,4933710362,4996382425,5059811744,5123741911,5188568435,5255534995,5322381812,5388846648,5453063887,5516149006,5579306367,5640395313,5698868246,5753580097,5802569225,5846790764,5891444768,5939111763
North Macedonia,MKD,1994287,1982933,1971493,1958782,1946298,1937398,1929821,1922716,1917557,1912430,1906313,1898657,1889051,1876262,1856124,1837114,1831712,1827816,1792179
Mali,MLI,13990139,14457775,14940782,15435539,15945198,16469049,16957033,17459615,18020267,18593022,19191289,19813011,20442030,21068405,21713836,22388630,23072640,23769127,24478595
Malta,MLT,405308,406724,409379,412477,414508,416268,420028,424810,433481,444220,454505,467106,483903,503912,515490,518150,531113,552747,574346
Myanmar,MMR,47785135,48125043,48390793,48660459,49024382,49419820,49837446,50262658,50681634,51089056,51495696,51894938,52272247,52640713,53016522,53387102,53756787,54133798,54500091
"Middle East, North Africa, Afghanistan & Pakistan (excluding high income)",MNA,529158464,540838105,552681993,565038251,577396038,589646039,601566988,613151287,624564062,635352686,645837915,656767614,668447432,680490997,692532027,704458802,716508657,729077445,741690916
Montenegro,MNE,615025,615875,616969,618294,619428,620345,621418,622587,623744,624651,625353,625982,626438,626753,626590,625053,623591,623529,623831
Mongolia,MNG,2567168,2601850,2643201,2691115,2738622,2786317,2839705,2899011,2963113,3026864,3088856,3148917,3208189,3267673,3327204,3383741,3433748,3481145,3524788
Northern Mariana Islands,MNP,60682,58941,57150,55325,54091,53608,53234,52758,52178,51514,50773,49959,49077,48129,47528,46979,46078,45143,44278
Mozambique,MOZ,20787087,21287635,21819036,22391745,22999235,23649039,24337846,25051611,25788475,26547572,27337105,28166393,29018644,29884380,30783688,31707800,32656246,33635160,34631766
Mauritania,MRT,3013660,3093059,3183269,3284448,3390965,3502811,3619034,3734318,3848514,3965959,4086657,4210600,4337685,4467708,4600131,4734874,4875637,5022441,5169395
Mauritius,MUS,1233996,1239630,1244121,1247429,1250400,1252404,1255882,1258927,1261208,1262879,1263747,1264887,1265577,1265985,1266014,1266334,1262523,1261041,1259509
Malawi,MWI,13198701,13576343,13976417,14395788,14826463,15265022,15709577,16161816,16621538,17085587,17557739,18039715,18528081,19025752,19533888,20047258,20568728,21104482,21655286
Malaysia,MYS,26417909,26998389,27570059,28124778,28655776,29162039,29662831,30174265,30696137,31232798,31789685,32355644,32910967,33440596,33889558,34282399,34695493,35126298,35557673
North America,NAC,331013939,334183103,337404564,340465163,343447854,346242415,349116140,351870848,354755155,357583083,360527592,363217262,365666028,367908829,369670740,370404272,373018004,376954413,381464223
Namibia,NAM,1991888,2018600,2047056,2077394,2109811,2146325,2194654,2252508,2312139,2374300,2439213,2506853,2577327,2650494,2728762,2810548,2889662,2963095,3030131
New Caledonia,NCL,247547,250725,253825,257250,261582,266543,271633,276822,281224,283168,283423,283546,283541,283606,284176,285214,287123,289870,292639
Niger,NER,14268581,14803610,15361915,15943675,16548835,17176283,17836769,18519898,19215909,19939498,20685753,21435446,22188069,22947757,23717613,24502140,25311973,26159867,27032412
Nigeria,NGA,149077334,153267261,157595014,162049464,166642886,171379598,176200625,181049443,185896915,190671878,195443700,200254579,204938755,209485641,213996181,218529286,223150896,227882945,232679478
Nicaragua,NIC,5418855,5497243,5576593,5656601,5737450,5819051,5901287,5983845,6066492,6149417,6232666,6316231,6400080,6483657,6565267,6644741,6730654,6823613,6916140
Netherlands,NLD,16346101,16381696,16445593,16530388,16615394,16693074,16754962,16804432,16865008,16939923,17030314,17131296,17231624,17344874,17441500,17533044,17700982,17877117,17994237
Norway,NOR,4660677,4709153,4768212,4828726,4889252,4953088,5018573,5079623,5137232,5188607,5234519,5276968,5311916,5347896,5379475,5408320,5457127,5519594,5572272
Nepal,NPL,26565425,26788492,26990037,27173035,27341952,27464494,27534915,27589996,27672370,27823629,27955462,28011258,28079689,28414064,28966574,29475010,29715436,29694614,29651054
Nauru,NRU,10034,10020,10009,10016,10043,10098,10267,10517,10742,10954,11150,11324,11477,11587,11643,11709,11801,11875,11947
New Zealand,NZL,4184600,4223800,4259800,4302600,4350700,4384000,4408100,4442100,4516500,4609400,4714100,4813600,4900600,4979200,5090200,5111300,5117100,5245000,5338500
OECD members,OED,1255746646,1264728255,1274711058,1283973216,1292701737,1299644689,1307733583,1315427979,1323459714,1331675197,1340142055,1348127258,1356470975,1364155119,1369327995,1371811773,1379097485,1388472514,1396914190
Oman,OMN,2514795,2570174,2626529,2684659,2757446,3076763,3547106,3833913,4002439,4184895,4390877,4537396,4597877,4591241,4522497,4500424,4730226,5049269,5281538
Other small states,OSS,10601352,10730365,10862640,10989567,11112466,11226214,11346082,11466589,11591200,11722398,11851918,11989367,12135267,12281907,12417333,12541889,12699005,12842214,12969162
Pakistan,PAK,179682690,184493231,189499113,194376534,199239047,203746065,207667125,211073978,214264647,217290883,220138869,223273967,226928892,230800899,235001746,239477801,243700667,247504495,251269164
Panama,PAN,3375024,3437490,3500648,3564381,3628535,3693505,3759256,3825329,3892101,3960035,4029086,4098707,4167860,4234700,4293261,4345405,4400773,4458759,4515577
Peru,PER,28324491,28530699,28719041,28896811,29086019,29304086,29550366,29817919,30115826,30457600,30866494,31324637,31897584,32449303,32838579,33155882,33475438,33845617,34217848
Philippines,PHL,89508986,91075184,92699095,94384250,96337125,98248614,100175512,102076336,103767130,105312992,106735719,108119693,109465287,110804683,112081264,113100950,113964338,114891199,115843670
Palau,PLW,19593,19302,19009,18709,18396,18078,17765,17648,17715,17770,17797,17812,17814,17798,17792,17783,17759,17727,17695
Papua New Guinea,PNG,6747720,6963345,7183002,7406438,7633523,7859346,8081390,8302698,8523441,8743246,8961718,9178714,9394513,9609010,9815746,10012896,10203169,10389635,10576502
Poland,POL,38141267,38120560,38125759,38151603,38042794,38063255,38063164,38040196,38011735,37986412,37970087,37974826,37974750,37965475,37515748,36981559,36821749,36687353,36554707
Pre-demographic dividend,PRE,670229212,688722596,708796270,730293963,752046672,774567417,798002725,822138419,846420736,870587800,895239872,920568701,946317177,972302503,998624261,1024960313,1051201551,1078224044,1105951788
Puerto Rico (US),PRI,3805214,3782995,3760866,3740410,3724465,3693464,3661045,3631427,3585017,3535167,3480432,3410837,3290690,3302691,3281590,3262711,3220137,3203792,3203295
"Korea, Dem. People's Rep.",PRK,24524507,24646383,24764618,24878332,24987258,25097874,25211728,25329451,25451262,25575350,25698326,25817709,25931147,26037632,26136312,26232534,26328845,26418204,26498823
Portugal,PRT,10522288,10542964,10558177,10568247,10573100,10557560,10514844,10457295,10401062,10358076,10325452,10300300,10283822,10286263,10297081,10361831,10434332,10578174,10701636
Paraguay,PRY,5505148,5559386,5613574,5671236,5737971,5814626,5897008,5982445,6069811,6159103,6249126,6338660,6427382,6515058,6603739,6684182,6760464,6844146,6929153
West Bank and Gaza,PSE,3406334,3494496,3591977,3689099,3786161,3882986,3979998,4076708,4173398,4270092,4367088,4454805,4569087,4685306,4803269,4922749,5043612,5165775,5289152
Pacific island small states,PSS,2194265,2218230,2240739,2262456,2289399,2320899,2351924,2382931,2414338,2445989,2477794,2509999,2542009,2568656,2595522,2625493,2656049,2689224,2722467
Post-demographic dividend,PST,1052866351,1059147302,1065603711,1071118156,1076208648,1079468050,1084193277,1088424167,1093025476,1097890139,1102966925,1107161559,1111377470,1114907717,1117025276,1116609473,1117926537,1121892872,1128430188
French Polynesia,PYF,263223,266438,268379,269481,270580,271727,273084,274728,276387,277866,279178,280087,279815,279034,279209,279792,280378,281118,281807
Qatar,QAT,972831,1208595,1426938,1608903,1616832,1624761,1722438,1916426,2151745,2344557,2477113,2545820,2580734,2638657,2794148,2504910,2657333,2656032,2857822
Romania,ROU,21193760,20882982,20537875,20367487,20246871,20147528,20058035,19983693,19908979,19815616,19702267,19588715,19473970,19371648,19265250,19122059,19048502,19059479,19069340
Russian Federation,RUS,143049637,142805114,142742366,142785348,142849468,143018195,143378447,143805638,144237223,144640716,145015460,145293260,145398106,145453291,145245148,144746762,144236933,143826130,143533851
Rwanda,RWA,9299246,9549933,9804269,10060432,10317553,10573733,10829901,11093340,11364757,11640022,11919183,12202060,12487996,12776103,13065837,13355260,13651030,13954471,14256567
South Asia,SAS,1367187349,1386949456,1406047164,1425370200,1444967010,1464372623,1483553073,1501661991,1519839246,1537370078,1555111864,1572520427,1589164714,1605412986,1621073417,1634785356,1648009565,1662580579,1677384532
Saudi Arabia,SAU,21459144,22368313,23287877,24217654,23978487,25091867,26168861,27624004,28309273,29816382,30954198,30977355,30196281,30063799,31552510,30784383,32175224,33702731,35300280
Sudan,SDN,31992435,32764135,33623980,34569113,35414399,36140806,36923178,37785849,38823318,40024431,41259892,42714306,44230596,45548175,46789231,48066924,49383346,50042791,50448963
Senegal,SEN,11500094,11770344,12048959,12337389,12635413,12958897,13310495,13710849,14152102,14593331,15034521,15475002,15914498,16352922,16789219,17220867,17651103,18077573,18501984
Singapore,SGP,4401365,4588599,4839396,4987573,5076732,5183688,5312437,5399162,5469724,5535002,5607283,5612253,5638676,5703569,5685807,5453566,5637022,5917648,6036860
Solomon Islands,SLB,491594,500156,508790,518141,532968,552945,573606,594945,616908,639415,662379,685672,709101,728147,744498,762591,781066,800005,819198
Sierra Leone,SLE,5624466,5749352,5894722,6055646,6222714,6387251,6551080,6714051,6876385,7037655,7205328,7379299,7554563,7731991,7912558,8094602,8276807,8460512,8642022
El Salvador,SLV,6002319,6009824,6029297,6048279,6068249,6090127,6113975,6138839,6162955,6183676,6200800,6213533,6219807,6222318,6234673,6255782,6280319,6309624,6338193
San Marino,SMR,30184,31211,31662,33066,33270,32620,33469,33041,32655,32897,33101,33825,34522,34663,34770,34252,33755,33860,33977
"Somalia, Fed. Rep.",SOM,10975502,11322582,11663084,11961201,12261756,12348830,12461160,12869594,13339491,13806963,14348740,14916629,15452487,16030971,16651191,17271431,17801897,18358615,19009151
Serbia,SRB,7411569,7381579,7350222,7320807,7291436,7236519,7201497,7166553,7131787,7095383,7058322,7020858,6982604,6945235,6899126,6834326,6664449,6623183,6587202
Sub-Saharan Africa (excluding high income),SSA,720481278,740376633,761026248,782252358,804038373,826290715,849083240,872704206,896754068,921290560,946011305,971179323,997236086,1023480610,1049999318,1076774079,1103704408,1131090888,1158877573
South Sudan,SSD,7976526,8388788,8817647,9243556,9745953,10288109,10756240,11166275,11235073,11107561,10830102,10259154,10122977,10423384,10698467,10865780,11021177,11483374,11943408
Sub-Saharan Africa,SSF,801269368,823564883,846656872,870347292,894666657,919528126,944970310,971232906,997961037,1025251114,1052824144,1080941647,1109997000,1139315618,1169015451,1199011925,1229208573,1259902353,1291058694
Small states,SST,16868546,17047450,17228345,17398922,17575200,17748220,17926451,18107202,18292084,18482578,18671045,18865506,19084934,19293697,19472157,19646549,19852364,20051342,20230689
Sao Tome and Principe,STP,165638,169700,173793,177853,181802,185649,189439,193148,196767,200291,203689,206970,210187,213392,217435,221961,226305,230871,235536
Suriname,SUR,524997,531016,537245,543568,549923,556269,562633,569020,575373,581627,587757,593713,599513,605768,612317,617896,623164,628886,634431
Slovak Republic,SVK,5373054,5374622,5379233,5386406,5391428,5398384,5407579,5413393,5418649,5423801,5430798,5439232,5446771,5454147,5458827,5447247,5431752,5426740,5422069
Slovenia,SVN,2006868,2018122,2021316,2039669,2048583,2052843,2057159,2059953,2061980,2063531,2065042,2066388,2073894,2088385,2102419,2108079,2112076,2120461,2126324
Sweden,SWE,9080505,9148092,9219637,9298515,9378126,9449213,9519374,9600379,9696110,9799186,9923085,10057698,10175214,10278887,10353442,10415811,10486941,10536632,10569709
Eswatini,SWZ,1084436,1090705,1098091,1105153,1111650,1117833,1123863,1129990,1136299,1142813,1149507,1158195,1168929,1179874,1192729,1206593,1218917,1230506,1242822
Sint Maarten (Dutch part),SXM,32428,32791,33145,33491,33794,34267,35023,35854,36672,37471,38249,38996,39712,40385,41008,41571,42139,42749,43350
Seychelles,SYC,84600,85033,86956,87298,89770,87441,88303,89949,91359,93419,94677,95843,96762,97625,98462,99258,119878,119773,121354
Syrian Arab Republic,SYR,19637022,20884125,21636564,21976969,22482421,22878098,22759763,21666917,20273659,19424618,19193834,19224668,19577845,20353534,21049429,21628839,22462173,23594623,24672760
Turks and Caicos Islands,TCA,25123,26270,27427,28588,29739,30846,32127,33653,35050,36605,38315,39913,41559,43166,44386,45243,45847,46198,46535
Chad,TCD,10706424,11081660,11476296,11893754,12312575,12754997,13210998,13691079,14188678,14647621,15114655,15622759,16156531,16685223,17224679,17828273,18455316,19319064,20299123
East Asia & Pacific (IDA & IBRD countries),TEA,1889507244,1904568042,1919570287,1934167856,1948643347,1964036970,1981382735,1998548872,2014960984,2030504270,2045816761,2061449949,2074796982,2086281644,2095759417,2102350702,2107261123,2111139152,2114653077
Europe & Central Asia (IDA & IBRD countries),TEC,438714358,438680283,439732746,441304973,442936599,444846366,446980794,449206794,451547765,453811483,456099634,458235497,460205526,462219596,463151657,463426293,461268322,458932506,459954508
Togo,TGO,6010668,6188344,6368812,6551865,6732590,6916474,7100736,7285442,7472450,7663195,7858289,8057140,8258778,8463068,8669720,8878379,9089738,9304337,9515236
Thailand,THA,66567687,67102394,67619830,68121080,68579447,69007208,69436098,69845114,70216367,70540795,70859841,71160187,71376079,71522271,71641484,71727332,71735329,71702435,71668011
Tajikistan,TJK,7057566,7194477,7338403,7490230,7652141,7824785,8014084,8216724,8425552,8643840,8865631,9085946,9307333,9529966,9749310,9966908,10182222,10389799,10590927
Turkmenistan,TKM,5147105,5244046,5345029,5451592,5564356,5683417,5808546,5939341,6075283,6215770,6360041,6507061,6655524,6803944,6949912,7092043,7230193,7364438,7494498
Latin America & the Caribbean (IDA & IBRD countries),TLA,545805913,552399650,558968822,565454932,571822092,578171855,584524334,590809938,597023419,603091701,609017063,614776664,620274430,625467307,630051021,633862610,637837815,642397939,647003746
Timor-Leste,TLS,976597,1004889,1032429,1058782,1084679,1110207,1134885,1158695,1181903,1205131,1228312,1251703,1275959,1300945,1326053,1350139,1369295,1384286,1400638
"Middle East, North Africa, Afghanistan & Pakistan (IDA & IBRD)",TMN,525752130,537343609,549090016,561349152,573609877,585763053,597586990,609074579,620390664,631082594,641470827,652312809,663878345,675805691,687728758,699536053,711465045,723911670,736401764
Tonga,TON,106253,106726,107020,107203,107400,107570,107460,107078,106609,106095,105524,105356,105567,105669,105704,105490,105042,104597,104175
South Asia (IDA & IBRD),TSA,1367187349,1386949456,1406047164,1425370200,1444967010,1464372623,1483553073,1501661991,1519839246,1537370078,1555111864,1572520427,1589164714,1605412986,1621073417,1634785356,1648009565,1662580579,1677384532
Sub-Saharan Africa (IDA & IBRD countries),TSS,801269368,823564883,846656872,870347292,894666657,919528126,944970310,971232906,997961037,1025251114,1052824144,1080941647,1109997000,1139315618,1169015451,1199011925,1229208573,1259902353,1291058694
Trinidad and Tobago,TTO,1297944,1303188,1308587,1310106,1317714,1328019,1335194,1340557,1345343,1349667,1353895,1356633,1359193,1363985,1366725,1367558,1365805,1367510,1368333
Tunisia,TUN,10346410,10441702,10542635,10650681,10765980,10886035,11009647,11141361,11274288,11402264,11528674,11650498,11765514,11875081,11974057,12048622,12119334,12200431,12277109
Turkiye,TUR,70045349,70158112,71051678,72039206,73142150,74223629,75175827,76147624,77181884,78218479,79277962,80312698,81407204,82579440,83384680,84147318,84979913,85325965,85518661
Tuvalu,TUV,10056,10182,10321,10461,10614,10780,10934,11001,10984,10963,10930,10869,10751,10581,10399,10194,9992,9816,9646
Tanzania,TZA,40294902,41435512,42570728,43633982,44758488,46029367,47374260,48824128,50351512,52020962,53824013,55652890,57437145,59174891,60972798,62830412,64711821,66617606,68560157
Uganda,UGA,28794003,29653430,30539553,31451151,32390802,33354543,34337438,35337042,36395539,37531446,38799152,40177388,41565831,42999637,44457152,45910930,47312719,48656601,50015092
Ukraine,UKR,47278694,47062798,46819175,46623731,46456003,46307853,46210056,46126770,45972380,45784896,45616832,45436041,45208907,44957458,44680014,44298640,41048766,37732836,37860221
Upper middle income,UMC,2493333038,2512165159,2532345548,2553016162,2573477299,2594753350,2618433663,2642565703,2665784793,2688052361,2709558794,2731375253,2751833495,2770250954,2785181241,2796326198,2803432387,2809441887,2818128105
Uruguay,URY,3289506,3295153,3302177,3310091,3318580,3326825,3335401,3345337,3356334,3368017,3379283,3388438,3394534,3397206,3398968,3396695,3390913,3388081,3386588
United States,USA,298379912,301231207,304093966,306771529,309378227,311839461,314339099,316726282,319257560,321815121,324353340,326608609,328529577,330226227,331577720,332099760,334017321,336806231,340110988
Uzbekistan,UZB,26699043,27076008,27494774,27939328,28385506,28823196,29261903,29724065,30222994,30749346,31284568,31819178,32373490,32964701,33586372,34243696,34938955,35652307,36361859
St. Vincent and the Grenadines,VCT,112014,111531,111028,110508,109959,109349,108736,108135,107535,106960,106349,105663,104926,104167,103526,102841,102046,101323,100616
"Venezuela, RB",VEN,27224686,27649363,28053696,28438298,28813101,29185212,29553826,29912198,30254079,30573972,30765720,30565323,29807592,28938098,28444077,28237826,28213017,28300854,28405543
British Virgin Islands,VGB,24493,25366,26288,27218,27675,28710,30345,31703,32962,34498,33878,32699,34657,36395,37135,37809,38319,38985,39471
Virgin Islands (U.S.),VIR,108369,108337,108397,108404,108357,108290,108188,108041,107882,107712,107516,107281,107001,106669,106290,105870,105413,104917,104377
Viet Nam,VNM,82167897,83633375,85175788,86460018,87455152,88468314,89510356,90573104,91679578,92823254,94000117,95176977,96237319,97173776,98079191,98935098,99680655,100352192,100987686
Vanuatu,VUT,215923,221276,226896,232731,238248,243474,248883,254482,260240,266101,272087,278507,285259,291985,298858,305868,313046,320409,327777
World,WLD,6659977025,6744489399,6830513541,6916589116,7001266876,7087120034,7176968877,7265970522,7354183367,7441826877,7529066617,7614748582,7697492379,7778303912,7855075060,7920861888,7990399768,8064976601,8142056446
Samoa,WSM,187709,188753,190107,191513,193023,194713,196498,198268,200037,201782,203499,205415,207582,209780,211944,213779,215261,216663,218019
Kosovo,XKX,1813079,1807094,1800858,1794681,1788743,1791949,1807126,1818119,1812788,1788274,1777568,1791019,1797086,1788891,1790151,1786079,1768096,1682668,1527324
"Yemen, Rep.",YEM,23543083,24318082,25111941,25927724,26754387,27582897,28433647,29312952,30226309,31159379,32109010,33090921,34085182,35111408,36134863,37140230,38222876,39390799,40583164
South Africa,ZAF,49998277,50528584,51114599,51728516,52344051,52995205,53782567,54678791,55594838,56723537,57259551,57635162,58613001,59587885,60562381,61502603,62378410,63212384,64007187
Zambia,ZMB,12129553,12565085,13021324,13490389,13965594,14437796,14913629,15398997,15895315,16399089,16914423,17441320,17973569,18513839,19059395,19603607,20152938,20723965,21314956
Zimbabwe,ZWE,12636445,12804058,12959149,13142790,13356548,13595424,13817887,14013808,14207359,14399013,14600294,14812482,15034452,15271368,15526888,15797210,16069056,16340822,16634373
